<?xml version="1.0" encoding="UTF-8" standalone="yes"?>
<manifest>
  <control namespace="Transligra" constructor="FlowProcess" version="0.0.1" display-name-key="FlowProcess" description-key="FlowProcess description" control-type="virtual" api-version="1.3.16">
    <external-service-usage enabled="false"/>
    <property name="Phase" display-name-key="Phase" description-key="Phase of the oportunity" of-type="OptionSet" usage="bound" required="true"/>
    <property name="ControlPhase" display-name-key="ControlPhase" description-key="Control Phase of the opportunity" of-type="Whole.None" usage="bound" required="false"/>
    <resources>
      <code path="bundle.js" order="1"/>
      <platform-library name="React" version="16.14.0"/>
      <platform-library name="Fluent" version="9.46.2"/>
      <css path="css/FlowProcess.css" order="1"/>
    </resources>
    <feature-usage/>
    <built-by name="pac" version="1.40.4"/>
  </control>
</manifest>